{
  "train_losses": [
    1.331124722957611,
    0.945943146944046,
    0.8023546636104584,
    0.6429020762443542,
    0.549317193882806,
    0.4431029792342867,
    0.3742304061140333,
    0.30903158869062153,
    0.26576855246509823,
    0.22715361842087337
  ],
  "val_losses": [
    1.395799160003662,
    1.3179314732551575,
    1.1601892113685608,
    0.934143602848053,
    0.7509741187095642,
    0.6826195865869522,
    0.6940741389989853,
    0.6747369170188904,
    0.754684790968895,
    0.7968655526638031
  ]
}