{
  "train_losses": [
    0.8192255278296161,
    0.585928417432328,
    0.5166461886016779,
    0.4448009875669654,
    0.42827021237617724,
    0.3862396679112003,
    0.3538881187356649,
    0.33305575492824374,
    0.31675659115743915,
    0.3255645328770065,
    0.2875189985119166,
    0.2760708980919319,
    0.27600319654418903,
    0.27354496698237696,
    0.2607532230681568,
    0.2461312456914966,
    0.24878306495344976,
    0.24971327926969766,
    0.23869017148994764,
    0.2396288128591417,
    0.22056972754254517,
    0.22327840987425576,
    0.21093384657495232,
    0.2103618152575961,
    0.2261803736057932,
    0.20201566068148752,
    0.2060329517110959,
    0.20266086862929253,
    0.2110156886180407,
    0.20260107901548585,
    0.20517879898060182,
    0.19412209386759113,
    0.20056989569272754,
    0.19037452163159252,
    0.17979496552573265,
    0.18542540850994887,
    0.1879236864270069,
    0.18471280324540895,
    0.19113695907860548,
    0.17681630657127317,
    0.18643895539450467,
    0.1802397123917615,
    0.18482401202077947,
    0.17248350636454024,
    0.18772561609211955,
    0.17521408296960364,
    0.17218395734760605,
    0.16776907911985964,
    0.18400809951684438,
    0.16734198427847438
  ],
  "val_losses": [
    0.41224210983828496,
    0.31407530772450726,
    0.24561670265699687,
    0.200309671853718,
    0.17327673885187037,
    0.1502760112481682,
    0.13621716000335782,
    0.1022730126584831,
    0.09206164862323356,
    0.09442050174172771,
    0.07686117379681061,
    0.06456658318883886,
    0.06578719140471596,
    0.06956306825342931,
    0.056268534301412536,
    0.05581079499403897,
    0.05175382934363657,
    0.052205088879226855,
    0.04881677426410055,
    0.048834046541933754,
    0.03847371437586844,
    0.040341658346158896,
    0.037606064450780026,
    0.039087961384977554,
    0.04047688851623159,
    0.03353762951385426,
    0.03322005210640399,
    0.03419876099858237,
    0.033753160178955445,
    0.026143094383817362,
    0.027465300383291355,
    0.02713285115130834,
    0.02799557965542925,
    0.029078518977927927,
    0.02934981674250019,
    0.024994728945832895,
    0.02728933324473665,
    0.02940243942123887,
    0.032357029567815755,
    0.021212008080175638,
    0.0233375407559307,
    0.02236051213510923,
    0.02517007625857858,
    0.021210725792977763,
    0.024517514614241297,
    0.02189015724242812,
    0.01963977849319283,
    0.01842146331603688,
    0.02107028742198293,
    0.018947682858101632
  ]
}