{
  "metadata": {
    "evaluation_date": "2025-11-25T11:23:29.524022",
    "model_path": "models\\neural_classifier.pth",
    "new_data_source": "dataset/evaluation_dataset.csv",
    "data_collection_method": "evaluation",
    "confirmation_data_is_new": true,
    "samples_used_in_training": false,
    "samples_used_in_validation": false,
    "samples_used_in_testing": false,
    "samples_influenced_hyperparameters": false
  },
  "neural_network_results": {
    "overall_metrics": {
      "accuracy": 0.44285714285714284,
      "precision": 0.27841024224002947,
      "recall": 0.44285714285714284,
      "f1_score": 0.3413212174822082,
      "num_samples": 70
    },
    "per_class_metrics": {
      "Toddler (0-3)": {
        "precision": 0.0,
        "recall": 0.0,
        "f1_score": 0.0,
        "support": 25
      },
      "Preschool (4-6)": {
        "precision": 0.16666666666666666,
        "recall": 0.2,
        "f1_score": 0.18181818181818182,
        "support": 10
      },
      "Elementary (7-10)": {
        "precision": 0.09090909090909091,
        "recall": 0.16666666666666666,
        "f1_score": 0.11764705882352941,
        "support": 6
      },
      "Teen+ (11+)": {
        "precision": 0.5957446808510638,
        "recall": 0.9655172413793104,
        "f1_score": 0.7368421052631579,
        "support": 29
      }
    },
    "confusion_matrix": [
      [
        0,
        9,
        9,
        7
      ],
      [
        0,
        2,
        0,
        8
      ],
      [
        0,
        1,
        1,
        4
      ],
      [
        0,
        0,
        1,
        28
      ]
    ],
    "classification_report": {
      "Toddler (0-3)": {
        "precision": 0.0,
        "recall": 0.0,
        "f1-score": 0.0,
        "support": 25.0
      },
      "Preschool (4-6)": {
        "precision": 0.16666666666666666,
        "recall": 0.2,
        "f1-score": 0.18181818181818182,
        "support": 10.0
      },
      "Elementary (7-10)": {
        "precision": 0.09090909090909091,
        "recall": 0.16666666666666666,
        "f1-score": 0.11764705882352941,
        "support": 6.0
      },
      "Teen+ (11+)": {
        "precision": 0.5957446808510638,
        "recall": 0.9655172413793104,
        "f1-score": 0.7368421052631579,
        "support": 29.0
      },
      "accuracy": 0.44285714285714284,
      "macro avg": {
        "precision": 0.21333010960670534,
        "recall": 0.3330459770114943,
        "f1-score": 0.25907683647621726,
        "support": 70.0
      },
      "weighted avg": {
        "precision": 0.27841024224002947,
        "recall": 0.44285714285714284,
        "f1-score": 0.3413212174822082,
        "support": 70.0
      }
    },
    "predictions": [
      1,
      1,
      1,
      3,
      1,
      2,
      1,
      1,
      3,
      3,
      3,
      3,
      2,
      3,
      1,
      3,
      3,
      3,
      3,
      3,
      3,
      3,
      3,
      3,
      3,
      3,
      3,
      3,
      3,
      3,
      3,
      3,
      3,
      3,
      3,
      3,
      2,
      3,
      3,
      3,
      3,
      3,
      3,
      3,
      3,
      3,
      3,
      3,
      3,
      3,
      3,
      3,
      2,
      2,
      3,
      1,
      3,
      2,
      2,
      1,
      1,
      2,
      3,
      3,
      2,
      1,
      2,
      1,
      3,
      2
    ],
    "confidences": [
      0.8126955628395081,
      0.7333613634109497,
      0.6989355087280273,
      0.9473233819007874,
      0.6127853989601135,
      0.89938884973526,
      0.9369950890541077,
      0.9569277763366699,
      0.5379185080528259,
      0.6529077291488647,
      0.9864158034324646,
      0.9335506558418274,
      0.8546002507209778,
      0.9178223609924316,
      0.9363898038864136,
      0.9771276712417603,
      0.9890151619911194,
      0.9224803447723389,
      0.9938995838165283,
      0.9202522039413452,
      0.9632431268692017,
      0.9988865256309509,
      0.7432373762130737,
      0.9771687984466553,
      0.9553104639053345,
      0.9227830171585083,
      0.9822984933853149,
      0.9920021295547485,
      0.9997698664665222,
      0.8696686625480652,
      0.9987291693687439,
      0.6617051362991333,
      0.969927966594696,
      0.9311227798461914,
      0.9829872846603394,
      0.8525817394256592,
      0.8369500637054443,
      0.9779174327850342,
      0.9358833432197571,
      0.8989813327789307,
      0.9392507076263428,
      0.9899914264678955,
      0.9728692770004272,
      0.9882940053939819,
      0.9848532676696777,
      0.8543325066566467,
      0.9277886748313904,
      0.9732425212860107,
      0.9994781613349915,
      0.9985306262969971,
      0.9982221722602844,
      0.9983263611793518,
      0.6562696695327759,
      0.6086018681526184,
      0.8370179533958435,
      0.511380672454834,
      0.44437673687934875,
      0.9299853444099426,
      0.9366504549980164,
      0.9990752935409546,
      0.9814051985740662,
      0.44796332716941833,
      0.9472398161888123,
      0.9991394281387329,
      0.5162975788116455,
      0.6434431076049805,
      0.7982427477836609,
      0.9933464527130127,
      0.965183675289154,
      0.9553633332252502
    ],
    "confidence_stats": {
      "mean": 0.8781159520149231,
      "std": 0.15047802031040192,
      "min": 0.44437673687934875,
      "max": 0.9997698664665222,
      "median": 0.936822772026062
    }
  },
  "baseline_comparison": {
    "accuracy": {
      "baseline": 0.37037037037037035,
      "new_data": 0.44285714285714284,
      "difference": 0.07248677248677249,
      "relative_change_pct": 19.571428571428573
    },
    "f1_score": {
      "baseline": 0.33642835253355347,
      "new_data": 0.3413212174822082,
      "difference": 0.004892864948654707,
      "relative_change_pct": 1.4543557080750857
    },
    "performance_assessment": {
      "assessment": "POOR",
      "rubric_score": 2,
      "rubric_description": "Model performance is far below expectations",
      "meets_expectations": false,
      "within_acceptable_range": true
    }
  },
  "timestamp": "2025-11-25T11:23:31.490822"
}