{
  "metadata": {
    "evaluation_date": "2025-11-21T10:31:53.449069",
    "model_path": "models\\neural_classifier.pth",
    "new_data_source": "new_data/real_world_recreation_gov_20251121_102205.csv",
    "data_collection_method": "Recreation Programs Dataset - Public recreation activities",
    "confirmation_data_is_new": true,
    "samples_used_in_training": false,
    "samples_used_in_validation": false,
    "samples_used_in_testing": false,
    "samples_influenced_hyperparameters": false
  },
  "results": {
    "overall_metrics": {
      "accuracy": 0.5217391304347826,
      "precision": 0.42384716732542815,
      "recall": 0.5217391304347826,
      "f1_score": 0.42827733860342554,
      "num_samples": 46
    },
    "per_class_metrics": {
      "Toddler (0-3)": {
        "precision": 0.0,
        "recall": 0.0,
        "f1_score": 0.0,
        "support": 11
      },
      "Preschool (4-6)": {
        "precision": 0.6363636363636364,
        "recall": 0.7,
        "f1_score": 0.6666666666666666,
        "support": 10
      },
      "Elementary (7-10)": {
        "precision": 0.6,
        "recall": 0.2727272727272727,
        "f1_score": 0.375,
        "support": 11
      },
      "Teen+ (11+)": {
        "precision": 0.4666666666666667,
        "recall": 1.0,
        "f1_score": 0.6363636363636364,
        "support": 14
      }
    },
    "confusion_matrix": [
      [
        0,
        1,
        0,
        10
      ],
      [
        0,
        7,
        2,
        1
      ],
      [
        0,
        3,
        3,
        5
      ],
      [
        0,
        0,
        0,
        14
      ]
    ],
    "classification_report": {
      "Toddler (0-3)": {
        "precision": 0.0,
        "recall": 0.0,
        "f1-score": 0.0,
        "support": 11.0
      },
      "Preschool (4-6)": {
        "precision": 0.6363636363636364,
        "recall": 0.7,
        "f1-score": 0.6666666666666666,
        "support": 10.0
      },
      "Elementary (7-10)": {
        "precision": 0.6,
        "recall": 0.2727272727272727,
        "f1-score": 0.375,
        "support": 11.0
      },
      "Teen+ (11+)": {
        "precision": 0.4666666666666667,
        "recall": 1.0,
        "f1-score": 0.6363636363636364,
        "support": 14.0
      },
      "accuracy": 0.5217391304347826,
      "macro avg": {
        "precision": 0.4257575757575758,
        "recall": 0.49318181818181817,
        "f1-score": 0.4195075757575757,
        "support": 46.0
      },
      "weighted avg": {
        "precision": 0.42384716732542815,
        "recall": 0.5217391304347826,
        "f1-score": 0.42827733860342554,
        "support": 46.0
      }
    },
    "predictions": [
      3,
      3,
      3,
      3,
      1,
      2,
      1,
      1,
      1,
      3,
      3,
      2,
      3,
      3,
      3,
      3,
      3,
      3,
      3,
      3,
      3,
      3,
      3,
      3,
      1,
      1,
      2,
      1,
      1,
      1,
      1,
      1,
      3,
      3,
      3,
      2,
      2,
      3,
      3,
      3,
      3,
      3,
      3,
      3,
      3,
      3
    ],
    "confidences": [
      0.2729724049568176,
      0.2729724049568176,
      0.2733674645423889,
      0.29152876138687134,
      0.36147764325141907,
      0.2903386950492859,
      0.2724176049232483,
      0.3774142265319824,
      0.2677420973777771,
      0.3144398331642151,
      0.37421172857284546,
      0.30982276797294617,
      0.29853808879852295,
      0.2972884476184845,
      0.37556836009025574,
      0.27669602632522583,
      0.26940035820007324,
      0.543086051940918,
      0.2729724049568176,
      0.2729724049568176,
      0.2733674645423889,
      0.2733674645423889,
      0.29152876138687134,
      0.29152876138687134,
      0.36147764325141907,
      0.36147764325141907,
      0.2903386950492859,
      0.2724176049232483,
      0.2724176049232483,
      0.3774142265319824,
      0.2677420973777771,
      0.2677420973777771,
      0.3144398331642151,
      0.3144398331642151,
      0.37421172857284546,
      0.30982276797294617,
      0.30982276797294617,
      0.29853808879852295,
      0.2972884476184845,
      0.2972884476184845,
      0.37556836009025574,
      0.27669602632522583,
      0.27669602632522583,
      0.26940035820007324,
      0.26940035820007324,
      0.543086051940918
    ],
    "confidence_stats": {
      "mean": 0.3133206069469452,
      "std": 0.06115114688873291,
      "min": 0.2677420973777771,
      "max": 0.543086051940918,
      "median": 0.29152876138687134
    }
  },
  "comparison": {},
  "timestamp": "2025-11-21T10:31:55.125839"
}