{
  "metadata": {
    "evaluation_date": "2025-11-25T09:08:15.221640",
    "model_path": "models\\neural_classifier.pth",
    "new_data_source": "dataset/evaluation_dataset.csv",
    "data_collection_method": "evaluation",
    "confirmation_data_is_new": true,
    "samples_used_in_training": false,
    "samples_used_in_validation": false,
    "samples_used_in_testing": false,
    "samples_influenced_hyperparameters": false
  },
  "neural_network_results": {
    "overall_metrics": {
      "accuracy": 0.5961538461538461,
      "precision": 0.45421245421245415,
      "recall": 0.5961538461538461,
      "f1_score": 0.5065366558324305,
      "num_samples": 52
    },
    "per_class_metrics": {
      "Toddler (0-3)": {
        "precision": 0.0,
        "recall": 0.0,
        "f1_score": 0.0,
        "support": 9
      },
      "Preschool (4-6)": {
        "precision": 0.2857142857142857,
        "recall": 0.25,
        "f1_score": 0.26666666666666666,
        "support": 8
      },
      "Elementary (7-10)": {
        "precision": 0.3333333333333333,
        "recall": 0.16666666666666666,
        "f1_score": 0.2222222222222222,
        "support": 6
      },
      "Teen+ (11+)": {
        "precision": 0.6666666666666666,
        "recall": 0.9655172413793104,
        "f1_score": 0.7887323943661971,
        "support": 29
      }
    },
    "confusion_matrix": [
      [
        0,
        4,
        1,
        4
      ],
      [
        0,
        2,
        0,
        6
      ],
      [
        0,
        1,
        1,
        4
      ],
      [
        0,
        0,
        1,
        28
      ]
    ],
    "classification_report": {
      "Toddler (0-3)": {
        "precision": 0.0,
        "recall": 0.0,
        "f1-score": 0.0,
        "support": 9.0
      },
      "Preschool (4-6)": {
        "precision": 0.2857142857142857,
        "recall": 0.25,
        "f1-score": 0.26666666666666666,
        "support": 8.0
      },
      "Elementary (7-10)": {
        "precision": 0.3333333333333333,
        "recall": 0.16666666666666666,
        "f1-score": 0.2222222222222222,
        "support": 6.0
      },
      "Teen+ (11+)": {
        "precision": 0.6666666666666666,
        "recall": 0.9655172413793104,
        "f1-score": 0.7887323943661971,
        "support": 29.0
      },
      "accuracy": 0.5961538461538461,
      "macro avg": {
        "precision": 0.3214285714285714,
        "recall": 0.34554597701149425,
        "f1-score": 0.3194053208137715,
        "support": 52.0
      },
      "weighted avg": {
        "precision": 0.45421245421245415,
        "recall": 0.5961538461538461,
        "f1-score": 0.5065366558324305,
        "support": 52.0
      }
    },
    "predictions": [
      1,
      1,
      1,
      3,
      1,
      2,
      1,
      1,
      3,
      3,
      3,
      3,
      2,
      3,
      1,
      3,
      3,
      3,
      3,
      3,
      3,
      3,
      3,
      3,
      3,
      3,
      3,
      3,
      3,
      3,
      3,
      3,
      3,
      3,
      3,
      3,
      2,
      3,
      3,
      3,
      3,
      3,
      3,
      3,
      3,
      3,
      3,
      3,
      3,
      3,
      3,
      3
    ],
    "confidences": [
      0.8126955628395081,
      0.7333613634109497,
      0.6989355683326721,
      0.9473232626914978,
      0.6127849221229553,
      0.89938884973526,
      0.9369950890541077,
      0.9569277763366699,
      0.5379185080528259,
      0.6529077291488647,
      0.9864158034324646,
      0.9335506558418274,
      0.8546002507209778,
      0.9178223609924316,
      0.9363899230957031,
      0.9771276712417603,
      0.9890151619911194,
      0.9224803447723389,
      0.9938995838165283,
      0.9202522039413452,
      0.9632431268692017,
      0.9988865256309509,
      0.7432373762130737,
      0.9771687984466553,
      0.9553104639053345,
      0.922782838344574,
      0.9822984933853149,
      0.9920021295547485,
      0.9997698664665222,
      0.8696686625480652,
      0.9987291693687439,
      0.6617051362991333,
      0.969927966594696,
      0.9311227798461914,
      0.9829872846603394,
      0.8525822758674622,
      0.8369500637054443,
      0.9779174327850342,
      0.9358833432197571,
      0.8989813327789307,
      0.9392507076263428,
      0.9899914264678955,
      0.9728692770004272,
      0.9882940053939819,
      0.9848532676696777,
      0.8543327450752258,
      0.9277886748313904,
      0.9732426404953003,
      0.9994781613349915,
      0.9985306262969971,
      0.9982221722602844,
      0.9983263611793518
    ],
    "confidence_stats": {
      "mean": 0.9095601439476013,
      "std": 0.11028031259775162,
      "min": 0.5379185080528259,
      "max": 0.9997698664665222,
      "median": 0.9432870149612427
    }
  },
  "baseline_comparison": {},
  "timestamp": "2025-11-25T09:08:18.560709"
}