{
  "metadata": {
    "evaluation_date": "2025-11-25T11:08:02.351165",
    "model_path": "models\\neural_classifier.pth",
    "new_data_source": "dataset/evaluation_dataset.csv",
    "data_collection_method": "evaluation",
    "confirmation_data_is_new": true,
    "samples_used_in_training": false,
    "samples_used_in_validation": false,
    "samples_used_in_testing": false,
    "samples_influenced_hyperparameters": false
  },
  "neural_network_results": {
    "overall_metrics": {
      "accuracy": 0.3673469387755102,
      "precision": 0.5010934098235685,
      "recall": 0.3673469387755102,
      "f1_score": 0.3163603679359101,
      "num_samples": 147
    },
    "per_class_metrics": {
      "Toddler (0-3)": {
        "precision": 1.0,
        "recall": 0.07692307692307693,
        "f1_score": 0.14285714285714285,
        "support": 39
      },
      "Preschool (4-6)": {
        "precision": 0.08333333333333333,
        "recall": 0.08,
        "f1_score": 0.08163265306122448,
        "support": 25
      },
      "Elementary (7-10)": {
        "precision": 0.28205128205128205,
        "recall": 0.3235294117647059,
        "f1_score": 0.3013698630136986,
        "support": 34
      },
      "Teen+ (11+)": {
        "precision": 0.4691358024691358,
        "recall": 0.7755102040816326,
        "f1_score": 0.5846153846153846,
        "support": 49
      }
    },
    "confusion_matrix": [
      [
        3,
        16,
        9,
        11
      ],
      [
        0,
        2,
        11,
        12
      ],
      [
        0,
        3,
        11,
        20
      ],
      [
        0,
        3,
        8,
        38
      ]
    ],
    "classification_report": {
      "Toddler (0-3)": {
        "precision": 1.0,
        "recall": 0.07692307692307693,
        "f1-score": 0.14285714285714285,
        "support": 39.0
      },
      "Preschool (4-6)": {
        "precision": 0.08333333333333333,
        "recall": 0.08,
        "f1-score": 0.08163265306122448,
        "support": 25.0
      },
      "Elementary (7-10)": {
        "precision": 0.28205128205128205,
        "recall": 0.3235294117647059,
        "f1-score": 0.3013698630136986,
        "support": 34.0
      },
      "Teen+ (11+)": {
        "precision": 0.4691358024691358,
        "recall": 0.7755102040816326,
        "f1-score": 0.5846153846153846,
        "support": 49.0
      },
      "accuracy": 0.3673469387755102,
      "macro avg": {
        "precision": 0.45863010446343777,
        "recall": 0.31399067319235385,
        "f1-score": 0.27761876088686266,
        "support": 147.0
      },
      "weighted avg": {
        "precision": 0.5010934098235685,
        "recall": 0.3673469387755102,
        "f1-score": 0.3163603679359101,
        "support": 147.0
      }
    },
    "predictions": [
      1,
      0,
      0,
      1,
      0,
      2,
      2,
      1,
      3,
      3,
      3,
      3,
      2,
      3,
      2,
      3,
      3,
      3,
      3,
      3,
      3,
      3,
      3,
      3,
      3,
      3,
      3,
      3,
      3,
      3,
      3,
      1,
      3,
      3,
      3,
      3,
      2,
      3,
      3,
      3,
      3,
      3,
      3,
      3,
      3,
      3,
      3,
      3,
      3,
      3,
      3,
      3,
      3,
      2,
      3,
      2,
      2,
      2,
      1,
      1,
      1,
      1,
      1,
      3,
      2,
      2,
      2,
      1,
      3,
      1,
      2,
      2,
      3,
      3,
      1,
      1,
      1,
      3,
      3,
      3,
      1,
      1,
      3,
      2,
      2,
      1,
      2,
      3,
      2,
      2,
      1,
      3,
      3,
      3,
      3,
      3,
      2,
      2,
      2,
      3,
      3,
      2,
      1,
      2,
      3,
      2,
      1,
      1,
      3,
      3,
      2,
      3,
      2,
      3,
      3,
      2,
      3,
      2,
      2,
      1,
      3,
      2,
      2,
      2,
      2,
      1,
      1,
      3,
      3,
      2,
      3,
      3,
      3,
      3,
      3,
      3,
      2,
      3,
      2,
      2,
      3,
      3,
      2,
      3,
      3,
      3,
      3
    ],
    "confidences": [
      0.637695848941803,
      0.4857998490333557,
      0.7658496499061584,
      0.7302075028419495,
      0.7370660901069641,
      0.6842570900917053,
      0.5465020537376404,
      0.9038920402526855,
      0.4837902784347534,
      0.803403377532959,
      0.860927939414978,
      0.9227102398872375,
      0.8959106802940369,
      0.5657851099967957,
      0.6768774390220642,
      0.7979780435562134,
      0.8491606116294861,
      0.7893257141113281,
      0.9581312537193298,
      0.7771883606910706,
      0.9338125586509705,
      0.9800310134887695,
      0.8130673170089722,
      0.9308666586875916,
      0.5399639010429382,
      0.9076269865036011,
      0.9087404012680054,
      0.943631649017334,
      0.9429978728294373,
      0.888148307800293,
      0.984488844871521,
      0.4775543510913849,
      0.6150698661804199,
      0.9780918955802917,
      0.9838111996650696,
      0.9219155311584473,
      0.684208333492279,
      0.7974251508712769,
      0.5895164012908936,
      0.9548883438110352,
      0.8405246138572693,
      0.9155551195144653,
      0.9421678185462952,
      0.9689910411834717,
      0.8969448804855347,
      0.8619085550308228,
      0.9824918508529663,
      0.9575350284576416,
      0.9652066230773926,
      0.9773090481758118,
      0.9834814667701721,
      0.9502655863761902,
      0.554977536201477,
      0.6017002463340759,
      0.7677029967308044,
      0.4873411953449249,
      0.5279886722564697,
      0.7715081572532654,
      0.7013619542121887,
      0.792005717754364,
      0.9429460167884827,
      0.5951194167137146,
      0.6142852306365967,
      0.992642343044281,
      0.7534540891647339,
      0.733960747718811,
      0.7547162771224976,
      0.9822357892990112,
      0.8387212157249451,
      0.8962946534156799,
      0.5090698003768921,
      0.8911364674568176,
      0.4688626825809479,
      0.5472659468650818,
      0.5778528451919556,
      0.5998764634132385,
      0.7288447618484497,
      0.5449432730674744,
      0.5030732154846191,
      0.8896670341491699,
      0.7275786399841309,
      0.7211794853210449,
      0.5414494872093201,
      0.723633348941803,
      0.7728974223136902,
      0.5668901205062866,
      0.5876088738441467,
      0.6421517133712769,
      0.4328089952468872,
      0.7781453132629395,
      0.7879235744476318,
      0.9477558732032776,
      0.9377292394638062,
      0.5035948753356934,
      0.6274283528327942,
      0.7287510633468628,
      0.9499149918556213,
      0.7480480074882507,
      0.5405895709991455,
      0.6945085525512695,
      0.7585585117340088,
      0.9119939804077148,
      0.46761107444763184,
      0.7662056684494019,
      0.7755501866340637,
      0.8874250650405884,
      0.4572533071041107,
      0.555944561958313,
      0.9310095906257629,
      0.9405009150505066,
      0.3523591160774231,
      0.9852861166000366,
      0.5125661492347717,
      0.9949551224708557,
      0.9520543217658997,
      0.9274448752403259,
      0.8374717831611633,
      0.5615032315254211,
      0.8202399611473083,
      0.7730356454849243,
      0.546695351600647,
      0.7949086427688599,
      0.641105055809021,
      0.5463635921478271,
      0.8884111046791077,
      0.47435957193374634,
      0.3825896978378296,
      0.6753633618354797,
      0.8808165788650513,
      0.5754339694976807,
      0.5914076566696167,
      0.9146305322647095,
      0.9483932256698608,
      0.5133494734764099,
      0.8160184025764465,
      0.8830050230026245,
      0.4768831431865692,
      0.4655156135559082,
      0.8218004703521729,
      0.4449607729911804,
      0.818481981754303,
      0.47223544120788574,
      0.6304734349250793,
      0.8640114068984985,
      0.8610284328460693,
      0.7598719000816345,
      0.8460976481437683
    ],