{
  "overall_metrics": {
    "accuracy": 0.3854166666666667,
    "precision": 0.6324404761904762,
    "recall": 0.3854166666666667,
    "f1_score": 0.47342984068627453,
    "num_samples": 96
  },
  "per_class_metrics": {
    "Toddler (0-3)": {
      "precision": 1.0,
      "recall": 0.25,
      "f1_score": 0.4,
      "support": 4
    },
    "Preschool (4-6)": {
      "precision": 0.7142857142857143,
      "recall": 0.5,
      "f1_score": 0.5882352941176471,
      "support": 50
    },
    "Elementary (7-10)": {
      "precision": 0.5,
      "recall": 0.2619047619047619,
      "f1_score": 0.34375,
      "support": 42
    },
    "Teen+ (11+)": {
      "precision": 0.0,
      "recall": 0.0,
      "f1_score": 0.0,
      "support": 0
    }
  },
  "confusion_matrix": [
    [
      1,
      3,
      0,
      0
    ],
    [
      0,
      25,
      11,
      14
    ],
    [
      0,
      7,
      11,
      24
    ],
    [
      0,
      0,
      0,
      0
    ]
  ],
  "confidence_stats": {
    "mean": 0.7550784945487976,
    "std": 0.1718362271785736,
    "min": 0.3903830945491791,
    "max": 0.9985333681106567
  }
}