{
  "metadata": {
    "evaluation_date": "2025-11-25T11:24:42.337274",
    "model_path": "models\\neural_classifier.pth",
    "new_data_source": "dataset/evaluation_dataset.csv",
    "data_collection_method": "evaluation",
    "confirmation_data_is_new": true,
    "samples_used_in_training": false,
    "samples_used_in_validation": false,
    "samples_used_in_testing": false,
    "samples_influenced_hyperparameters": false
  },
  "neural_network_results": {
    "overall_metrics": {
      "accuracy": 0.5,
      "precision": 0.6577777777777778,
      "recall": 0.5,
      "f1_score": 0.4376631733774591,
      "num_samples": 70
    },
    "per_class_metrics": {
      "Toddler (0-3)": {
        "precision": 1.0,
        "recall": 0.12,
        "f1_score": 0.21428571428571427,
        "support": 25
      },
      "Preschool (4-6)": {
        "precision": 0.2,
        "recall": 0.2,
        "f1_score": 0.2,
        "support": 10
      },
      "Elementary (7-10)": {
        "precision": 0.16666666666666666,
        "recall": 0.3333333333333333,
        "f1_score": 0.2222222222222222,
        "support": 6
      },
      "Teen+ (11+)": {
        "precision": 0.6222222222222222,
        "recall": 0.9655172413793104,
        "f1_score": 0.7567567567567568,
        "support": 29
      }
    },
    "confusion_matrix": [
      [
        3,
        8,
        7,
        7
      ],
      [
        0,
        2,
        2,
        6
      ],
      [
        0,
        0,
        2,
        4
      ],
      [
        0,
        0,
        1,
        28
      ]
    ],
    "classification_report": {
      "Toddler (0-3)": {
        "precision": 1.0,
        "recall": 0.12,
        "f1-score": 0.21428571428571427,
        "support": 25.0
      },
      "Preschool (4-6)": {
        "precision": 0.2,
        "recall": 0.2,
        "f1-score": 0.2,
        "support": 10.0
      },
      "Elementary (7-10)": {
        "precision": 0.16666666666666666,
        "recall": 0.3333333333333333,
        "f1-score": 0.2222222222222222,
        "support": 6.0
      },
      "Teen+ (11+)": {
        "precision": 0.6222222222222222,
        "recall": 0.9655172413793104,
        "f1-score": 0.7567567567567568,
        "support": 29.0
      },
      "accuracy": 0.5,
      "macro avg": {
        "precision": 0.49722222222222223,
        "recall": 0.40471264367816095,
        "f1-score": 0.3483161733161733,
        "support": 70.0
      },
      "weighted avg": {
        "precision": 0.6577777777777778,
        "recall": 0.5,
        "f1-score": 0.4376631733774591,
        "support": 70.0
      }
    },
    "predictions": [
      1,
      0,
      0,
      3,
      0,
      2,
      1,
      1,
      2,
      3,
      3,
      3,
      2,
      3,
      2,
      3,
      3,
      3,
      3,
      3,
      3,
      3,
      3,
      3,
      3,
      3,
      3,
      3,
      3,
      3,
      3,
      2,
      3,
      3,
      3,
      3,
      3,
      3,
      3,
      3,
      3,
      3,
      3,
      3,
      3,
      3,
      3,
      3,
      3,
      3,
      3,
      3,
      3,
      2,
      1,
      1,
      2,
      2,
      1,
      1,
      1,
      2,
      3,
      3,
      2,
      2,
      2,
      1,
      3,
      1
    ],
    "confidences": [
      0.6443392038345337,
      0.9252670407295227,
      0.9719056487083435,
      0.352026104927063,
      0.8497981429100037,
      0.6244837641716003,
      0.37308377027511597,
      0.8337485194206238,
      0.6169003248214722,
      0.8348860144615173,
      0.9573732614517212,
      0.9664199352264404,
      0.9056491851806641,
      0.6027711629867554,
      0.41289013624191284,
      0.8236936330795288,
      0.8522960543632507,
      0.7547996640205383,
      0.9007346034049988,
      0.8536626100540161,
      0.9654853343963623,
      0.9822485446929932,
      0.7107215523719788,
      0.8961705565452576,
      0.6488679647445679,
      0.6214122772216797,
      0.9138863682746887,
      0.9807868599891663,
      0.8890783190727234,
      0.7887064814567566,
      0.966619610786438,
      0.5096737742424011,
      0.7270190715789795,
      0.9630988240242004,
      0.9726387858390808,
      0.5298030972480774,
      0.5082213878631592,
      0.7052423357963562,
      0.7865989804267883,
      0.9033714532852173,
      0.6513397693634033,
      0.8114895224571228,
      0.8885698914527893,
      0.815211296081543,
      0.7926068305969238,
      0.8668342232704163,
      0.9752084016799927,
      0.9116122722625732,
      0.890240490436554,
      0.8851485848426819,
      0.962057888507843,
      0.7990740537643433,
      0.6570202112197876,
      0.43809664249420166,
      0.36490923166275024,
      0.5113562345504761,
      0.6499472260475159,
      0.744118332862854,
      0.4850495457649231,
      0.50739985704422,
      0.8703179359436035,
      0.3704386055469513,
      0.4096934497356415,
      0.9946762323379517,
      0.5636022090911865,
      0.5445727705955505,
      0.6287453770637512,
      0.6387773752212524,
      0.6023199558258057,
      0.5564550757408142
    ],
    "confidence_stats": {
      "mean": 0.7401895523071289,
      "std": 0.18855167925357819,
      "min": 0.352026104927063,
      "max": 0.9946762323379517,
      "median": 0.7906566858291626
    }
  },
  "baseline_comparison": {
    "accuracy": {
      "baseline": 0.37037037037037035,
      "new_data": 0.5,
      "difference": 0.12962962962962965,
      "relative_change_pct": 35.00000000000001
    },
    "f1_score": {
      "baseline": 0.33642835253355347,
      "new_data": 0.4376631733774591,
      "difference": 0.10123482084390562,
      "relative_change_pct": 30.091049128746967
    },
    "performance_assessment": {
      "assessment": "INCONSISTENT",
      "rubric_score": 4,
      "rubric_description": "Model performs inconsistently on new samples",
      "meets_expectations": false,
      "within_acceptable_range": false
    }
  },
  "timestamp": "2025-11-25T11:24:44.370716"
}