{
  "metadata": {
    "evaluation_date": "2025-11-24T13:17:59.823883",
    "model_path": "models\\neural_classifier.pth",
    "new_data_source": "dataset/evaluation_dataset.csv",
    "data_collection_method": "evaluation",
    "confirmation_data_is_new": true,
    "samples_used_in_training": false,
    "samples_used_in_validation": false,
    "samples_used_in_testing": false,
    "samples_influenced_hyperparameters": false
  },
  "results": {
    "overall_metrics": {
      "accuracy": 0.08333333333333333,
      "precision": 0.4392361111111111,
      "recall": 0.08333333333333333,
      "f1_score": 0.13692528735632184,
      "num_samples": 96
    },
    "per_class_metrics": {
      "Toddler (0-3)": {
        "precision": 0.0,
        "recall": 0.0,
        "f1_score": 0.0,
        "support": 4
      },
      "Preschool (4-6)": {
        "precision": 0.75,
        "recall": 0.12,
        "f1_score": 0.20689655172413793,
        "support": 50
      },
      "Elementary (7-10)": {
        "precision": 0.1111111111111111,
        "recall": 0.047619047619047616,
        "f1_score": 0.06666666666666667,
        "support": 42
      },
      "Teen+ (11+)": {
        "precision": 0.0,
        "recall": 0.0,
        "f1_score": 0.0,
        "support": 0
      }
    },
    "confusion_matrix": [
      [
        0,
        2,
        1,
        1
      ],
      [
        0,
        6,
        15,
        29
      ],
      [
        0,
        0,
        2,
        40
      ],
      [
        0,
        0,
        0,
        0
      ]
    ],
    "classification_report": {
      "Toddler (0-3)": {
        "precision": 0.0,
        "recall": 0.0,
        "f1-score": 0.0,
        "support": 4.0
      },
      "Preschool (4-6)": {
        "precision": 0.75,
        "recall": 0.12,
        "f1-score": 0.20689655172413793,
        "support": 50.0
      },
      "Elementary (7-10)": {
        "precision": 0.1111111111111111,
        "recall": 0.047619047619047616,
        "f1-score": 0.06666666666666667,
        "support": 42.0
      },
      "Teen+ (11+)": {
        "precision": 0.0,
        "recall": 0.0,
        "f1-score": 0.0,
        "support": 0.0
      },
      "accuracy": 0.08333333333333333,
      "macro avg": {
        "precision": 0.2152777777777778,
        "recall": 0.0419047619047619,
        "f1-score": 0.06839080459770115,
        "support": 96.0
      },
      "weighted avg": {
        "precision": 0.4392361111111111,
        "recall": 0.08333333333333333,
        "f1-score": 0.13692528735632184,
        "support": 96.0
      }
    },
    "predictions": [
      1,
      3,
      3,
      2,
      3,
      3,
      1,
      3,
      3,
      3,
      2,
      1,
      3,
      3,
      3,
      3,
      3,
      3,
      3,
      1,
      3,
      3,
      2,
      3,
      3,
      3,
      3,
      3,
      2,
      3,
      1,
      3,
      3,
      3,
      3,
      3,
      2,
      3,
      3,
      3,
      2,
      2,
      1,
      3,
      3,
      3,
      2,
      3,
      3,
      3,
      3,
      3,
      2,
      3,
      2,
      3,
      3,
      3,
      2,
      3,
      1,
      3,
      3,
      3,
      2,
      3,
      3,
      3,
      3,
      3,
      2,
      3,
      3,
      3,
      3,
      3,
      3,
      2,
      2,
      3,
      3,
      3,
      2,
      2,
      3,
      3,
      3,
      3,
      2,
      3,
      3,
      3,
      3,
      3,
      1,
      3
    ],
    "confidences": [
      0.917908787727356,
      0.9999895095825195,
      0.9999721050262451,
      0.9645820260047913,
      0.9938308000564575,
      0.9513786435127258,
      0.9115360379219055,
      0.9999305009841919,
      0.6768277287483215,
      0.9999946355819702,
      0.9047840237617493,
      0.6258605718612671,
      0.9988176226615906,
      0.9988422989845276,
      0.9993842840194702,
      0.9999572038650513,
      0.8203132152557373,
      0.999700665473938,
      0.7891358733177185,
      0.8179910778999329,
      0.9995309114456177,
      1.0,
      0.9988290667533875,
      0.9975448250770569,
      0.7082549929618835,
      0.9998207688331604,
      0.9995630383491516,
      0.999994158744812,
      0.8970886468887329,
      0.5373261570930481,
      0.9325723648071289,
      0.999995231628418,
      0.9456154108047485,
      1.0,
      0.9998354911804199,
      0.7852267026901245,
      0.8672810792922974,
      0.9998080134391785,
      0.5086989402770996,
      0.9999723434448242,
      0.9277684688568115,
      0.6735766530036926,
      0.5852234959602356,
      0.9999804496765137,
      0.9999873638153076,
      0.9999995231628418,
      0.9999592304229736,
      0.5904349684715271,
      0.7636491060256958,
      0.999964714050293,
      0.9455077648162842,
      0.9902467727661133,
      0.9999887943267822,
      0.9632811546325684,
      0.9928504228591919,
      0.9989429116249084,
      0.994556188583374,
      0.9999945163726807,
      0.9985419511795044,
      0.9999997615814209,
      0.6728774905204773,
      0.9999991655349731,
      0.999993085861206,
      0.9999986886978149,
      0.9999998807907104,
      0.9921445250511169,
      0.5804613828659058,
      0.9996750354766846,
      0.9998306035995483,
      0.9999997615814209,
      0.9468594789505005,
      0.9999337196350098,
      0.961348831653595,
      0.9999997615814209,
      0.9907684922218323,
      0.9999758005142212,
      0.9961758852005005,
      0.908137321472168,
      0.86097651720047,
      0.9992503523826599,
      0.9999983310699463,
      0.9997861981391907,
      0.9947366118431091,
      0.9185013771057129,
      0.9999511241912842,
      0.9999082088470459,
      0.998365581035614,
      0.9999226331710815,
      0.9146676063537598,
      0.9992238283157349,
      0.9594996571540833,
      0.9999843835830688,
      0.8038831949234009,
      1.0,
      0.6889088153839111,
      0.9999520778656006
    ],
    "confidence_stats": {
      "mean": 0.9287276268005371,
      "std": 0.12476436048746109,
      "min": 0.5086989402770996,
      "max": 1.0,
      "median": 0.998823344707489
    }
  },
  "comparison": {},
  "timestamp": "2025-11-24T13:18:03.010937"
}