{
  "metadata": {
    "evaluation_date": "2025-11-26T16:50:23.947622",
    "model_path": "models\\neural_classifier.pth",
    "new_data_source": "dataset/evaluation_dataset.csv",
    "data_collection_method": "evaluation",
    "confirmation_data_is_new": true,
    "samples_used_in_training": false,
    "samples_used_in_validation": false,
    "samples_used_in_testing": false,
    "samples_influenced_hyperparameters": false
  },
  "neural_network_results": {
    "overall_metrics": {
      "accuracy": 0.5714285714285714,
      "precision": 0.616573902288188,
      "recall": 0.5714285714285714,
      "f1_score": 0.5392063492063491,
      "num_samples": 70
    },
    "per_class_metrics": {
      "Toddler (0-3)": {
        "precision": 0.6666666666666666,
        "recall": 0.2857142857142857,
        "f1_score": 0.4,
        "support": 7
      },
      "Preschool (4-6)": {
        "precision": 0.7142857142857143,
        "recall": 0.23809523809523808,
        "f1_score": 0.35714285714285715,
        "support": 21
      },
      "Elementary (7-10)": {
        "precision": 0.09090909090909091,
        "recall": 0.14285714285714285,
        "f1_score": 0.1111111111111111,
        "support": 7
      },
      "Teen+ (11+)": {
        "precision": 0.6530612244897959,
        "recall": 0.9142857142857143,
        "f1_score": 0.7619047619047619,
        "support": 35
      }
    },
    "confusion_matrix": [
      [
        2,
        2,
        0,
        3
      ],
      [
        1,
        5,
        7,
        8
      ],
      [
        0,
        0,
        1,
        6
      ],
      [
        0,
        0,
        3,
        32
      ]
    ],
    "classification_report": {
      "Toddler (0-3)": {
        "precision": 0.6666666666666666,
        "recall": 0.2857142857142857,
        "f1-score": 0.4,
        "support": 7.0
      },
      "Preschool (4-6)": {
        "precision": 0.7142857142857143,
        "recall": 0.23809523809523808,
        "f1-score": 0.35714285714285715,
        "support": 21.0
      },
      "Elementary (7-10)": {
        "precision": 0.09090909090909091,
        "recall": 0.14285714285714285,
        "f1-score": 0.1111111111111111,
        "support": 7.0
      },
      "Teen+ (11+)": {
        "precision": 0.6530612244897959,
        "recall": 0.9142857142857143,
        "f1-score": 0.7619047619047619,
        "support": 35.0
      },
      "accuracy": 0.5714285714285714,
      "macro avg": {
        "precision": 0.5312306740878169,
        "recall": 0.39523809523809517,
        "f1-score": 0.40753968253968254,
        "support": 70.0
      },
      "weighted avg": {
        "precision": 0.616573902288188,
        "recall": 0.5714285714285714,
        "f1-score": 0.5392063492063491,
        "support": 70.0
      }
    },
    "predictions": [
      1,
      0,
      0,
      3,
      0,
      2,
      2,
      1,
      3,
      3,
      3,
      3,
      2,
      3,
      3,
      3,
      3,
      3,
      3,
      3,
      3,
      3,
      3,
      3,
      3,
      3,
      3,
      3,
      3,
      3,
      3,
      2,
      3,
      3,
      3,
      3,
      2,
      3,
      2,
      3,
      3,
      3,
      3,
      3,
      3,
      3,
      3,
      3,
      3,
      3,
      3,
      3,
      3,
      2,
      3,
      2,
      3,
      2,
      1,
      1,
      1,
      3,
      3,
      3,
      2,
      2,
      3,
      1,
      3,
      1
    ],
    "confidences": [
      0.7568479180335999,
      0.7987874746322632,
      0.9037643671035767,
      0.9639880657196045,
      0.9357718825340271,
      0.6992747783660889,
      0.5819141268730164,
      0.9735939502716064,
      0.4974721372127533,
      0.928699254989624,
      0.9218104481697083,
      0.9962673783302307,
      0.9478393793106079,
      0.9408240914344788,
      0.548424482345581,
      0.9869036674499512,
      0.9530161023139954,
      0.6171528100967407,
      0.9927735924720764,
      0.9242892265319824,
      0.9926884174346924,
      0.9978017210960388,
      0.5056920647621155,
      0.9713481068611145,
      0.8708957433700562,
      0.9770153760910034,
      0.9911621809005737,
      0.9687116742134094,
      0.9909515380859375,
      0.6999565362930298,
      0.991388738155365,
      0.4798080027103424,
      0.974946141242981,
      0.9965037107467651,
      0.9945394396781921,
      0.9817776679992676,
      0.5195717811584473,
      0.9354666471481323,
      0.5722538232803345,
      0.9107679128646851,
      0.9261146783828735,
      0.9833196997642517,
      0.9177895188331604,
      0.8254290819168091,
      0.9763719439506531,
      0.5976715087890625,
      0.9925669431686401,
      0.992927610874176,
      0.9845271110534668,
      0.997006356716156,
      0.9883766770362854,
      0.9897024631500244,
      0.6765319108963013,
      0.45181533694267273,
      0.44390803575515747,
      0.4800183176994324,
      0.6136923432350159,
      0.6322871446609497,
      0.7849006056785583,
      0.5064416527748108,
      0.9426670074462891,
      0.49647051095962524,
      0.5809010863304138,
      0.9677702188491821,
      0.4174070656299591,
      0.44440603256225586,
      0.5122439861297607,
      0.8034754991531372,
      0.8373956084251404,
      0.8917573690414429
    ],
    "confidence_stats": {
      "mean": 0.8121221661567688,
      "std": 0.19822430610656738,
      "min": 0.4174070656299591,
      "max": 0.9978017210960388,
      "median": 0.923049807548523
    }
  },
  "baseline_comparison": {
    "accuracy": {
      "baseline": 0.9312169312169312,
      "new_data": 0.5714285714285714,
      "difference": -0.35978835978835977,
      "relative_change_pct": -38.63636363636363
    },
    "f1_score": {
      "baseline": 0.9317029262099148,
      "new_data": 0.5392063492063491,
      "difference": -0.39249657700356566,
      "relative_change_pct": -42.12679449233964
    },
    "performance_assessment": {
      "assessment": "INCONSISTENT",
      "rubric_score": 4,
      "rubric_description": "Model performs inconsistently on new samples",
      "meets_expectations": false,
      "within_acceptable_range": false
    }
  },
  "timestamp": "2025-11-26T16:50:26.106231"
}