{
  "metadata": {
    "evaluation_date": "2025-11-25T09:35:18.302007",
    "model_path": "models\\neural_classifier.pth",
    "new_data_source": "dataset/evaluation_dataset.csv",
    "data_collection_method": "evaluation",
    "confirmation_data_is_new": true,
    "samples_used_in_training": false,
    "samples_used_in_validation": false,
    "samples_used_in_testing": false,
    "samples_influenced_hyperparameters": false
  },
  "neural_network_results": {
    "overall_metrics": {
      "accuracy": 0.6153846153846154,
      "precision": 0.6163536076326774,
      "recall": 0.6153846153846154,
      "f1_score": 0.5477466977466978,
      "num_samples": 52
    },
    "per_class_metrics": {
      "Toddler (0-3)": {
        "precision": 1.0,
        "recall": 0.2222222222222222,
        "f1_score": 0.36363636363636365,
        "support": 9
      },
      "Preschool (4-6)": {
        "precision": 0.3333333333333333,
        "recall": 0.125,
        "f1_score": 0.18181818181818182,
        "support": 8
      },
      "Elementary (7-10)": {
        "precision": 0.25,
        "recall": 0.16666666666666666,
        "f1_score": 0.2,
        "support": 6
      },
      "Teen+ (11+)": {
        "precision": 0.6511627906976745,
        "recall": 0.9655172413793104,
        "f1_score": 0.7777777777777778,
        "support": 29
      }
    },
    "confusion_matrix": [
      [
        2,
        1,
        1,
        5
      ],
      [
        0,
        1,
        1,
        6
      ],
      [
        0,
        1,
        1,
        4
      ],
      [
        0,
        0,
        1,
        28
      ]
    ],
    "classification_report": {
      "Toddler (0-3)": {
        "precision": 1.0,
        "recall": 0.2222222222222222,
        "f1-score": 0.36363636363636365,
        "support": 9.0
      },
      "Preschool (4-6)": {
        "precision": 0.3333333333333333,
        "recall": 0.125,
        "f1-score": 0.18181818181818182,
        "support": 8.0
      },
      "Elementary (7-10)": {
        "precision": 0.25,
        "recall": 0.16666666666666666,
        "f1-score": 0.2,
        "support": 6.0
      },
      "Teen+ (11+)": {
        "precision": 0.6511627906976745,
        "recall": 0.9655172413793104,
        "f1-score": 0.7777777777777778,
        "support": 29.0
      },
      "accuracy": 0.6153846153846154,
      "macro avg": {
        "precision": 0.5586240310077519,
        "recall": 0.36985153256704983,
        "f1-score": 0.3808080808080808,
        "support": 52.0
      },
      "weighted avg": {
        "precision": 0.6163536076326774,
        "recall": 0.6153846153846154,
        "f1-score": 0.5477466977466978,
        "support": 52.0
      }
    },
    "predictions": [
      3,
      0,
      1,
      3,
      0,
      2,
      2,
      1,
      3,
      3,
      3,
      3,
      2,
      3,
      1,
      3,
      3,
      3,
      3,
      3,
      3,
      3,
      3,
      3,
      3,
      3,
      3,
      3,
      3,
      3,
      3,
      2,
      3,
      3,
      3,
      3,
      3,
      3,
      3,
      3,
      3,
      3,
      3,
      3,
      3,
      3,
      3,
      3,
      3,
      3,
      3,
      3
    ],
    "confidences": [
      0.45943883061408997,
      0.43757927417755127,
      0.536112904548645,
      0.9390385746955872,
      0.6656651496887207,
      0.6940636038780212,
      0.53260338306427,
      0.7149550914764404,
      0.821914553642273,
      0.9834475517272949,
      0.9855632781982422,
      0.9905222058296204,
      0.9834365844726562,
      0.9524108171463013,
      0.498264878988266,
      0.9791916012763977,
      0.997500479221344,
      0.9420880079269409,
      0.9952644109725952,
      0.9677432775497437,
      0.9916513562202454,
      0.9995588660240173,
      0.9951087832450867,
      0.9680978059768677,
      0.9895692467689514,
      0.9307773113250732,
      0.9886322617530823,
      0.98816978931427,
      0.9949807524681091,
      0.9633355140686035,
      0.9974040389060974,
      0.7181010246276855,
      0.9181983470916748,
      0.9962555170059204,
      0.9925131797790527,
      0.9758502840995789,
      0.8550390005111694,
      0.8616852760314941,
      0.829078197479248,
      0.9896203279495239,
      0.9887104630470276,
      0.9840160608291626,
      0.9355393648147583,
      0.9688502550125122,
      0.9767232537269592,
      0.9868183135986328,
      0.994247555732727,
      0.9929473400115967,
      0.998604953289032,
      0.9989486336708069,
      0.9951169490814209,
      0.9976826906204224
    ],
    "confidence_stats": {
      "mean": 0.9007429480552673,
      "std": 0.157010018825531,
      "min": 0.43757927417755127,
      "max": 0.9995588660240173,
      "median": 0.9813140630722046
    }
  },
  "baseline_comparison": {},
  "timestamp": "2025-11-25T09:35:20.359615"
}