{
  "metadata": {
    "evaluation_date": "2025-11-29T10:12:40.743679",
    "model_path": "models\\neural_classifier.pth",
    "new_data_source": "dataset/evaluation_dataset.csv",
    "data_collection_method": "evaluation",
    "confirmation_data_is_new": true,
    "samples_used_in_training": false,
    "samples_used_in_validation": false,
    "samples_used_in_testing": false,
    "samples_influenced_hyperparameters": false
  },
  "neural_network_results": {
    "true_labels": [
      0,
      0,
      0,
      0,
      1,
      1,
      1,
      1,
      1,
      2,
      1,
      2,
      2,
      2,
      2,
      2,
      3,
      3,
      3,
      3,
      3,
      3,
      3,
      3,
      3,
      3,
      3,
      3,
      3,
      3,
      3,
      3,
      3,
      3,
      3,
      3,
      3,
      3,
      3,
      3,
      3,
      3,
      2,
      3,
      3,
      3,
      3,
      3,
      3,
      3,
      3,
      3,
      1,
      1,
      1,
      1,
      1,
      1,
      1,
      0,
      1,
      0,
      0,
      1,
      1,
      1,
      1,
      1,
      1,
      1
    ],
    "overall_metrics": {
      "accuracy": 0.7285714285714285,
      "precision": 0.7469155844155844,
      "recall": 0.7285714285714285,
      "f1_score": 0.7207792207792207,
      "num_samples": 70
    },
    "per_class_metrics": {
      "Toddler (0-3)": {
        "precision": 0.5714285714285714,
        "recall": 0.5714285714285714,
        "f1_score": 0.5714285714285714,
        "support": 7
      },
      "Preschool (4-6)": {
        "precision": 0.75,
        "recall": 0.42857142857142855,
        "f1_score": 0.5454545454545454,
        "support": 21
      },
      "Elementary (7-10)": {
        "precision": 0.2727272727272727,
        "recall": 0.42857142857142855,
        "f1_score": 0.3333333333333333,
        "support": 7
      },
      "Teen+ (11+)": {
        "precision": 0.875,
        "recall": 1.0,
        "f1_score": 0.9333333333333333,
        "support": 35
      }
    },
    "confusion_matrix": [
      [
        4,
        3,
        0,
        0
      ],
      [
        3,
        9,
        8,
        1
      ],
      [
        0,
        0,
        3,
        4
      ],
      [
        0,
        0,
        0,
        35
      ]
    ],
    "classification_report": {
      "Toddler (0-3)": {
        "precision": 0.5714285714285714,
        "recall": 0.5714285714285714,
        "f1-score": 0.5714285714285714,
        "support": 7.0
      },
      "Preschool (4-6)": {
        "precision": 0.75,
        "recall": 0.42857142857142855,
        "f1-score": 0.5454545454545454,
        "support": 21.0
      },
      "Elementary (7-10)": {
        "precision": 0.2727272727272727,
        "recall": 0.42857142857142855,
        "f1-score": 0.3333333333333333,
        "support": 7.0
      },
      "Teen+ (11+)": {
        "precision": 0.875,
        "recall": 1.0,
        "f1-score": 0.9333333333333333,
        "support": 35.0
      },
      "accuracy": 0.7285714285714285,
      "macro avg": {
        "precision": 0.617288961038961,
        "recall": 0.6071428571428572,
        "f1-score": 0.5958874458874459,
        "support": 70.0
      },
      "weighted avg": {
        "precision": 0.7469155844155844,
        "recall": 0.7285714285714285,
        "f1-score": 0.7207792207792207,
        "support": 70.0
      }
    },
    "predictions": [
      1,
      0,
      0,
      0,
      0,
      2,
      1,
      1,
      2,
      2,
      3,
      2,
      2,
      3,
      3,
      3,
      3,
      3,
      3,
      3,
      3,
      3,
      3,
      3,
      3,
      3,
      3,
      3,
      3,
      3,
      3,
      3,
      3,
      3,
      3,
      3,
      3,
      3,
      3,
      3,
      3,
      3,
      3,
      3,
      3,
      3,
      3,
      3,
      3,
      3,
      3,
      3,
      2,
      2,
      0,
      1,
      2,
      1,
      1,
      1,
      1,
      1,
      0,
      0,
      2,
      2,
      2,
      1,
      1,
      1
    ],
    "confidences": [
      0.7783219814300537,
      0.9902151823043823,
      0.9998281002044678,
      0.9114802479743958,
      0.9999245405197144,
      0.5807912945747375,
      0.6458187103271484,
      0.9995498061180115,
      0.9951322674751282,
      0.8692130446434021,
      0.8404778838157654,
      0.9871377944946289,
      0.7463024258613586,
      0.5921962261199951,
      0.9628352522850037,
      0.9531404376029968,
      0.9814152121543884,
      0.9757925868034363,
      0.9970253109931946,
      0.8463032841682434,
      0.9160143136978149,
      0.9720830321311951,
      0.7766708135604858,
      0.9988383650779724,
      0.9857881665229797,
      0.9994001388549805,
      0.9952319264411926,
      0.9999262094497681,
      0.9986163377761841,
      0.9982911944389343,
      0.9996155500411987,
      0.9996923208236694,
      0.9997747540473938,
      0.9998067021369934,
      0.9995074272155762,
      0.9999181032180786,
      0.9997656941413879,
      0.9999302625656128,
      0.9993896484375,
      0.9999842643737793,
      0.9999951124191284,
      0.999998927116394,
      0.8746734261512756,
      0.8586387038230896,
      0.9921137094497681,
      0.9007125496864319,
      0.9942783117294312,
      0.9609218835830688,
      0.9964715242385864,
      0.9987660646438599,
      0.9995657801628113,
      0.9781238436698914,
      0.915494441986084,
      0.5036904811859131,
      0.9444090127944946,
      0.604066014289856,
      0.9795323014259338,
      0.6449856162071228,
      0.7792280316352844,
      0.9929884076118469,
      0.9978402853012085,
      0.8676825165748596,
      0.6580142974853516,
      0.9787686467170715,
      0.9882075190544128,
      0.9722924828529358,
      0.9949150085449219,
      0.9617835879325867,
      0.7754650712013245,
      0.9963032007217407
    ],
    "confidence_stats": {
      "mean": 0.9200153946876526,
      "std": 0.12500736117362976,
      "min": 0.5036904811859131,
      "max": 0.999998927116394,
      "median": 0.9864629507064819
    }
  },
  "baseline_comparison": {
    "baseline_model": "Random Forest (50 trees, max depth 5)",
    "baseline_metrics": {
      "accuracy": 0.5857142857142857,
      "precision": 0.49903846153846154,
      "recall": 0.5857142857142857,
      "f1_score": 0.5124063774564331,
      "confusion_matrix": [
        [
          0,
          5,
          1,
          1
        ],
        [
          0,
          5,
          6,
          10
        ],
        [
          0,
          0,
          1,
          6
        ],
        [
          0,
          0,
          0,
          35
        ]
      ],
      "per_class_metrics": {
        "Toddler (0-3)": {
          "precision": 0.0,
          "recall": 0.0,
          "f1_score": 0.0,
          "support": 7
        },
        "Preschool (4-6)": {
          "precision": 0.5,
          "recall": 0.23809523809523808,
          "f1_score": 0.3225806451612903,
          "support": 21
        },
        "Elementary (7-10)": {
          "precision": 0.125,
          "recall": 0.14285714285714285,
          "f1_score": 0.13333333333333333,
          "support": 7
        },
        "Teen+ (11+)": {
          "precision": 0.6730769230769231,
          "recall": 1.0,
          "f1_score": 0.8045977011494253,
          "support": 35
        }
      }
    },
    "neural_network_vs_baseline": {
      "accuracy": {
        "neural_network": 0.7285714285714285,
        "random_forest_baseline": 0.5857142857142857,
        "difference": 0.1428571428571428,
        "nn_outperforms": true
      },
      "f1_score": {
        "neural_network": 0.7207792207792207,
        "random_forest_baseline": 0.5124063774564331,
        "difference": 0.2083728433227876,
        "nn_outperforms": true
      }
    }
  },
  "timestamp": "2025-11-29T10:12:47.049622"
}