{
  "train_losses": [
    1.3104005522198148,
    1.0342272917429607,
    0.8820962596822668,
    0.7519299476235001,
    0.7312306540983694,
    0.7059900010073626,
    0.5902110106415219,
    0.526048853441521,
    0.48833412263128495,
    0.4758077617044802
  ],
  "val_losses": [
    1.4211334586143494,
    1.1573359072208405,
    0.8369003534317017,
    0.7421194016933441,
    0.724913015961647,
    0.7000882923603058,
    0.770742803812027,
    0.6775624305009842,
    0.66478481143713,
    0.7272581160068512
  ]
}