{
  "train_losses": [
    1.4560053224364917,
    1.1715787363549073,
    1.0560399269064267,
    0.9762457646429539,
    0.934533029794693,
    0.9190116499861082,
    0.8346813004463911,
    0.8468923239658276,
    0.8036437102903923,
    0.7806656981507937,
    0.7546035970250765,
    0.7536023097733656,
    0.7241253151247898,
    0.7561632754902045,
    0.6918381235251824,
    0.7605696699271599,
    0.7320013915499052,
    0.664817671601971,
    0.6636889011909565,
    0.6546564816186825,
    0.66265234661599,
    0.6424847710877657,
    0.6123936455696821,
    0.6487948223948479,
    0.6213222704827785,
    0.5783423203974962,
    0.6251509090264639,
    0.5938914517561594,
    0.53199353069067,
    0.5483755860477686,
    0.5660879903783401,
    0.5343046536048254,
    0.5722128817190727,
    0.596198245882988,
    0.5437581147998571,
    0.5422289203852415,
    0.5247693372269472,
    0.4856810960918665,
    0.5233501725209256,
    0.568180471037825,
    0.5451205732921759,
    0.5075808893889189,
    0.48460921955605346,
    0.519409050544103
  ],
  "val_losses": [
    1.3243823846181233,
    1.037724882364273,
    1.0334608952204387,
    0.9158753256003062,
    0.8940443893273672,
    0.8683110475540161,
    0.8095989425977071,
    0.8720899621645609,
    0.7726280689239502,
    0.7801298946142197,
    0.7563461363315582,
    0.7160500387350718,
    0.7373299996058146,
    0.7107705026865005,
    0.7177420556545258,
    0.6756163189808527,
    0.7254470934470495,
    0.6913367758194605,
    0.7314170151948929,
    0.7289205839236578,
    0.7130354096492132,
    0.7006283054749171,
    0.7090122848749161,
    0.6661545634269714,
    0.6874864995479584,
    0.7125606685876846,
    0.7057713319857916,
    0.6883289714654287,
    0.7093456586201986,
    0.6930748025576273,
    0.6913599918286005,
    0.7324772427479426,
    0.7383761207262675,
    0.726619561513265,
    0.7942674160003662,
    0.7195196251074473,
    0.6970648318529129,
    0.743517686923345,
    0.6966711928447088,
    0.6897761772076288,
    0.7510163833697637,
    0.7161541630824407,
    0.7808274179697037,
    0.7777865578730901
  ]
}