{
  "train_losses": [
    1.3949683040380478,
    1.0478316634893416,
    0.9286570265889168,
    0.8800038307905197,
    0.8777045711874962,
    0.7706582188606262,
    0.7404095031321049,
    0.6773753218352795,
    0.6589317820966244,
    0.6810237467288971,
    0.680878222733736,
    0.6279019832611084,
    0.6517773039638997,
    0.6094470478594303,
    0.5518425196409226,
    0.5381401672959327,
    0.5726148426532746,
    0.5637438327074051,
    0.5917132921516896,
    0.5082067951560021,
    0.5069322559982539,
    0.560535104572773,
    0.5062116693705321,
    0.5004527024924755,
    0.49435582421720026,
    0.4580782078206539,
    0.468504823371768,
    0.4873707786202431,
    0.45609686337411404,
    0.4398547329008579,
    0.4783365562558174
  ],
  "val_losses": [
    1.3166054964065552,
    0.9182264089584351,
    0.8118598937988282,
    0.7696868538856506,
    0.720374345779419,
    0.7296802163124084,
    0.695157265663147,
    0.6782161712646484,
    0.6577484309673309,
    0.6402813613414764,
    0.6409934401512146,
    0.6592581629753113,
    0.6191550254821777,
    0.6464788913726807,
    0.6560120701789856,
    0.6362589001655579,
    0.6336055338382721,
    0.6546507120132447,
    0.6291487693786622,
    0.6497454047203064,
    0.5908128619194031,
    0.6539455473423004,
    0.6395182311534882,
    0.6430866122245789,
    0.6726563930511474,
    0.6593873798847198,
    0.6619672238826751,
    0.6514314413070679,
    0.7129297494888306,
    0.6462053954601288,
    0.6455496668815612
  ]
}