{
  "train_losses": [
    1.2131163897337738,
    0.9111168737764712,
    0.7467923164367676,
    0.6747425496578217,
    0.5885345450154057,
    0.5501915050877465,
    0.503442069998494,
    0.4491958397406119,
    0.4153552563102157,
    0.406318810251024,
    0.34904013684502355,
    0.31624466953454194,
    0.34392682766472854,
    0.3194810058231707,
    0.2772166466823331,
    0.26017615971741853,
    0.2917906617124875,
    0.2636901405122545,
    0.2755218068206752,
    0.20721700484002079,
    0.23093192858828437,
    0.22519732349448734,
    0.22151473468100583,
    0.2009979727919455,
    0.1972406899763478,
    0.19285876331505952,
    0.1839272694455253,
    0.1767872394648967,
    0.21066802836678647,
    0.2111312393788938,
    0.13917125513156256,
    0.16811372870924296,
    0.13707074412593134,
    0.15837975770786958,
    0.22748045968236746,
    0.15272016423168006,
    0.1441373380108012,
    0.15128309472843451,
    0.14086066296807043,
    0.12693998245177446,
    0.14781812978563486,
    0.15672559042771658,
    0.12232015523369666,
    0.11682635966550421,
    0.1098157855923529,
    0.12449578002647117,
    0.1345495560930835,
    0.16406783585747084,
    0.1438183744472486,
    0.15797304886358757
  ],
  "val_losses": [
    1.3793942034244537,
    1.0482157617807388,
    0.780802845954895,
    0.7692722380161285,
    0.7405859157443047,
    0.7704480439424515,
    0.7674320489168167,
    0.7353629916906357,
    0.7597832232713699,
    0.7659076452255249,
    0.7942913249135017,
    0.8843538910150528,
    0.9343126714229584,
    0.9347007572650909,
    0.9089380353689194,
    0.8665195405483246,
    0.9339980036020279,
    0.8952689468860626,
    0.867615781724453,
    0.878741517663002,
    0.8734566047787666,
    0.8769761994481087,
    0.8612730652093887,
    0.9445943087339401,
    0.9144854694604874,
    0.9180941209197044,
    0.9741846993565559,
    0.9235101565718651,
    0.9051531702280045,
    0.837610051035881,
    0.9537261426448822,
    0.9564975798130035,
    0.9653622806072235,
    1.0538070276379585,
    0.9888693243265152,
    0.9240078032016754,
    0.9891564175486565,
    1.0394465625286102,
    0.9701857268810272,
    0.8777815848588943,
    0.9059471786022186,
    1.0678268522024155,
    1.047916442155838,
    1.1655139178037643,
    1.0927311182022095,
    1.2173301577568054,
    1.3634165823459625,
    1.2258516401052475,
    1.1907064095139503,
    1.4422422349452972
  ]
}