{
  "train_losses": [
    1.217972632497549,
    0.9268881392975649,
    0.7776494026184082,
    0.7113112267106771,
    0.6759674338003,
    0.5860729136814674,
    0.6052146355311075,
    0.5462241545319557,
    0.552541209384799,
    0.5301910067598025,
    0.48703053407371044,
    0.44727090435723466,
    0.4486050323272745,
    0.4275059746578336,
    0.4284412997464339,
    0.39705045707523823,
    0.5103751933202147,
    0.47539660800248384,
    0.4455514969304204,
    0.4053593135128419,
    0.3768596372877558,
    0.40457472515602905,
    0.392063179363807,
    0.419720606567959,
    0.3825381736581524
  ],
  "val_losses": [
    1.2144625584284465,
    0.837191104888916,
    0.8055232266585032,
    0.6941374242305756,
    0.6826102683941523,
    0.6419189075628916,
    0.6383399566014608,
    0.6577732513348261,
    0.6187058836221695,
    0.5810054341952006,
    0.6493269751469294,
    0.6397040635347366,
    0.6911751528580984,
    0.6608249594767889,
    0.6627396692832311,
    0.6464344163735708,
    0.6835246086120605,
    0.7228722423315048,
    0.6724707086881002,
    0.6636499265829722,
    0.7064667145411173,
    0.7016826470692953,
    0.7383969575166702,
    0.7014783571163813,
    0.6957715849081675
  ]
}