{
  "train_losses": [
    0.6508621593779217,
    0.37978230910174265,
    0.3065894740120742,
    0.25505964837336104,
    0.23706480628266907,
    0.19203111603732118,
    0.16814156321687826,
    0.149373258838272,
    0.1580619313010323,
    0.14273868189867395,
    0.13765622432128263,
    0.132377446686443,
    0.1178005957757487,
    0.11605583635715151,
    0.10149385761733039,
    0.10854122081473966,
    0.10243704673886832,
    0.10339732854138942,
    0.10005080475031822,
    0.09861208607261371,
    0.08553804890132555,
    0.09133961184040183,
    0.09674070319222804,
    0.0831698424396099,
    0.07981577474401548,
    0.07794438961745331,
    0.0721269403049682,
    0.0736929107387279,
    0.08065773915641239,
    0.0783789637390084,
    0.07115641612224063,
    0.0707655742148692,
    0.06830314605418568,
    0.07174908212928827,
    0.06253370864441953,
    0.0632532017402151,
    0.058504823737850604,
    0.05716444783109533,
    0.06477680553756918,
    0.06557810664724732,
    0.05722289721302521,
    0.06449375296195198,
    0.05530100973952909,
    0.06481178491091598,
    0.05085633191392027,
    0.05628499562291121,
    0.049291853584105476,
    0.05888985770592968,
    0.052851047224970304,
    0.05386209937266559
  ],
  "val_losses": [
    0.27255923967612417,
    0.15784218319152532,
    0.11507818659179304,
    0.09432322424101203,
    0.06302192977531568,
    0.05612815931243332,
    0.03801410565593917,
    0.028956266377415312,
    0.029599874611257723,
    0.027875365349341576,
    0.025263046236145066,
    0.019035093745179966,
    0.01722114213503358,
    0.015847340849608083,
    0.012333567562899063,
    0.017954620600855713,
    0.01189786391363381,
    0.013556240712588126,
    0.012641586905565896,
    0.015107610511078843,
    0.011121253812330235,
    0.008487237607416893,
    0.009499987667751205,
    0.006669579642077319,
    0.008898439283305044,
    0.006328186056634877,
    0.0061682715531787835,
    0.006801561233020804,
    0.008756395954007627,
    0.007859228106865072,
    0.004916018769060764,
    0.005394381147389619,
    0.004989568693992241,
    0.006695265250623618,
    0.005884619511657786,
    0.005612559890084269,
    0.00414311461319908,
    0.004270816525030041,
    0.0027251012347972534,
    0.004356746165094113,
    0.0037831131427849053,
    0.003505354406354998,
    0.0033002836131153777,
    0.006877737095189667,
    0.004890459356255106,
    0.003829261245348454,
    0.0033064702575326295,
    0.0036972445932884797,
    0.002097771545873241,
    0.0038184401168301087
  ]
}