{
  "train_losses": [
    1.28744211241051,
    0.9658307940871628,
    0.8103917020338552,
    0.7305433772228382,
    0.6059995216351969,
    0.534726020362642,
    0.5045092889556179,
    0.4704114662276374,
    0.38787244646637525,
    0.37748714950349593
  ],
  "val_losses": [
    1.3086575269699097,
    1.0612154603004456,
    0.8063941299915314,
    0.7058738470077515,
    0.6782775372266769,
    0.7248247414827347,
    0.6905348896980286,
    0.7287650629878044,
    0.7605032548308372,
    0.7869916334748268
  ]
}