{
  "train_losses": [
    1.2930209909876187,
    1.0069385189563036,
    0.9669784071544806,
    0.8611590024083853,
    0.8627112731337547,
    0.7753399492551883,
    0.7161671028782924,
    0.7518146776904663,
    0.6848267018795013,
    0.6572104295094808,
    0.6527347055574259,
    0.6717126530905565,
    0.6283846193303665,
    0.6397629585117102,
    0.6325554307550192,
    0.6530670424302419,
    0.6514887766291698,
    0.5939814529071251,
    0.5767327764381965,
    0.56342128974696,
    0.6567593707392613,
    0.6113192631552616,
    0.5103284294406573,
    0.5327755038936933,
    0.5454860997075835,
    0.5557199430962404,
    0.5667849015444517
  ],
  "val_losses": [
    1.2267136176427205,
    0.91140016913414,
    0.8364666104316711,
    0.8031586507956187,
    0.7893057068188986,
    0.7621119121710459,
    0.7519657810529073,
    0.7273679474989573,
    0.751154030362765,
    0.7539344479640325,
    0.7374475101629893,
    0.7413801103830338,
    0.743578573067983,
    0.7323386917511622,
    0.7305426398913065,
    0.7160852799812952,
    0.696202427148819,
    0.7126938750346502,
    0.7594509621461233,
    0.7213008453448614,
    0.7183961321910223,
    0.7279568066199621,
    0.736166755358378,
    0.7028587659200033,
    0.8052940766016642,
    0.7110347847143809,
    0.7350469926993052
  ]
}