{
  "train_losses": [
    0.40336046516895296,
    0.16822509536588634,
    0.12852548244926665,
    0.11498528949364469,
    0.0968698185765081,
    0.08271252093491731,
    0.07083284867996419,
    0.08274611609953421,
    0.06642934221912314,
    0.06928027107345837,
    0.05648530671648957,
    0.05026813380903116,
    0.055475781902808836,
    0.05449274923755891,
    0.058669947572397414,
    0.04393045740822951
  ],
  "val_losses": [
    0.7552624472549984,
    0.8368818206446511,
    0.9669983301843915,
    0.8601501051868711,
    0.8382052651473454,
    0.799557585801397,
    0.914720461836883,
    0.9266282862850598,
    0.983069549713816,
    0.9529918070350375,
    0.9240285770169326,
    0.8318348441805158,
    0.795769710625921,
    1.063681433243411,
    0.929477045578616,
    0.9523909858294896
  ]
}